{
  "$schema": "https://schema.management.azure.com/schemas/2015-01-01/deploymentParameters.json#",
  "contentVersion": "1.0.0.0",
  "parameters": {
    "dataFactoryName": {
      "value": "GEN-UNIQUE"
    },    
    "dataFactoryLocation": {
      "value": "East US"
    },
    "AzureStorage_connectionString": {
      "value": "GET-PREREQ-AzureStorage_connectionString"
    },
    "AzureSqlDatabase_connectionString": {
      "value": "GET-PREREQ-AzureSqlDatabase_connectionString"
    },
    "blobContainer": {
      "value": "adftutorial"
    },
    "inputBlobFolder": {
      "value": "input"
    },
    "inputBlobName": {
      "value": "emp.txt"
    },
    "sqlTableName": {
      "value": "[dbo].[emp]"
    }
  }
}