{
  "contentVersion": "1.0.0.0",
  "$schema": "http://schema.management.azure.com/schemas/2015-01-01/deploymentTemplate.json#",
  "parameters": {
    "dataFactoryName": {
      "type": "string",
      "metadata": {
        "description": "Name of the data factory. Must be globally unique."
      }
    },
    "dataFactoryLocation": {
      "type": "string",
      "allowedValues": [
        "East US",
        "East US 2",
        "West Europe",
        "Southeast Asia"
      ],
      "defaultValue": "East US",
      "metadata": {
        "description": "Location of the data factory."
      }
    },
    "AzureStorage_connectionString": {
      "type": "securestring",
      "metadata": {
        "description": "Connection string for the Azure Storage account."
      }
    },
    "blobContainer": {
      "type": "string",
      "metadata": {
        "description": "Name of the blob container in the Azure Storage account."
      }
    },
    "inputBlobFolder": {
      "type": "string",
      "metadata": {
        "description": "The folder in the blob container that has the input file."
      }
    },
    "inputBlobName": {
      "type": "string",
      "metadata": {
        "description": "Name of the input file/blob."
      }
    },
    "AzureSqlDatabase_connectionString": {
      "type": "string",
      "metadata": {
        "description": "Connnection string for the Azure SQL database."
      }
    },
    "sqlTableName": {
      "type": "string",
      "metadata": {
        "description": "Name of the target table in the Azure SQL database."
      }
    }
  },
  "variables": {
    "azureStorageLinkedServiceName": "Tutorial2-AzureStorageLinkedService",
    "azureSqlDatabaseLinkedServiceName": "Tutorial2-AzureSqlDatabaseLinkedService",
    "inputDatasetName": "Tutorial2-InputBlobDataset",
    "outputDatasetName": "Tutorial2-OutputSqlDataset",
    "pipelineName": "Tutorial2-CopyFromBlobToSqlPipeline"
  },
  "resources": [
    {
      "name": "[parameters('dataFactoryName')]",
      "apiVersion": "2017-09-01-preview",
      "type": "Microsoft.DataFactory/factories",
      "location": "[parameters('dataFactoryLocation')]",
      "properties": {},
      "resources": [
        {
          "type": "linkedservices",
          "name": "[variables('azureStorageLinkedServiceName')]",
          "dependsOn": [
            "[parameters('dataFactoryName')]"
          ],
          "apiVersion": "2017-09-01-preview",
          "properties": {
            "type": "AzureStorage",
            "description": "Azure Storage linked service",
            "typeProperties": {
              "connectionString": {
                "value": "[parameters('AzureStorage_connectionString')]",
                "type": "SecureString"
              }
            }
          }
        },
        {
          "type": "linkedservices",
          "name": "[variables('azureSqlDatabaseLinkedServiceName')]",
          "dependsOn": [
            "[parameters('dataFactoryName')]"
          ],
          "apiVersion": "2017-09-01-preview",
          "properties": {
            "type": "AzureSqlDatabase",
            "description": "Azure SQL Database linked service",
            "typeProperties": {
              "connectionString": {
                "value": "[parameters('AzureSqlDatabase_connectionString')]",
                "type": "SecureString"
              }
            }
          }
        },
        {
          "type": "datasets",
          "name": "[variables('inputDatasetName')]",
          "dependsOn": [
            "[parameters('dataFactoryName')]",
            "[variables('azureStorageLinkedServiceName')]"
          ],
          "apiVersion": "2017-09-01-preview",
          "properties": {
            "type": "AzureBlob",
            "structure": [
              {
                "name": "Prop_0",
                "type": "String"
              },
              {
                "name": "Prop_1",
                "type": "String"
              }
            ],
            "typeProperties": {
              "format": {
                "type": "TextFormat",
                "columnDelimiter": ",",
                "nullValue": "\\N",
                "treatEmptyAsNull": false,
                "firstRowAsHeader": false
              },
              "folderPath": "[concat(parameters('blobContainer'), '/', parameters('inputBlobFolder'), '/')]",
              "fileName": "[parameters('inputBlobName')]"
            },
            "linkedServiceName": {
              "referenceName": "[variables('azureStorageLinkedServiceName')]",
              "type": "LinkedServiceReference"
            }
          }
        },
        {
          "type": "datasets",
          "name": "[variables('outputDatasetName')]",
          "dependsOn": [
            "[parameters('dataFactoryName')]",
            "[variables('azureSqlDatabaseLinkedServiceName')]"
          ],
          "apiVersion": "2017-09-01-preview",
          "properties": {
            "type": "AzureSqlTable",
            "structure": [
              {
                "name": "FirstName",
                "type": "String"
              },
              {
                "name": "LastName",
                "type": "String"
              }
            ],
            "typeProperties": {
              "tableName": "[parameters('sqlTableName')]"
            },
            "linkedServiceName": {
              "referenceName": "[variables('azureSqlDatabaseLinkedServiceName')]",
              "type": "LinkedServiceReference"
            }
          }
        },
        {
          "type": "pipelines",
          "name": "[variables('pipelineName')]",
          "dependsOn": [
            "[parameters('dataFactoryName')]",
            "[variables('inputDatasetName')]",
            "[variables('outputDatasetName')]"
          ],
          "apiVersion": "2017-09-01-preview",
          "properties": {
            "activities": [
              {
                "type": "Copy",
                "typeProperties": {
                  "source": {
                    "type": "BlobSource",
                    "recursive": true
                  },
                  "sink": {
                    "type": "SqlSink",
                    "writeBatchSize": 10000
                  }
                },
                "name": "MyCopyActivity",
                "inputs": [
                  {
                    "referenceName": "[variables('inputDatasetName')]",
                    "type": "DatasetReference"
                  }
                ],
                "outputs": [
                  {
                    "referenceName": "[variables('outputDatasetName')]",
                    "type": "DatasetReference"
                  }
                ]
              }
            ]
          }
        }
      ]
    }
  ]
}
