{
    "$schema": "https://schema.management.azure.com/schemas/2015-01-01/deploymentParameters.json#",
    "contentVersion": "1.0.0.0",
    "parameters": {
        "storageAccountName": {
            "value": "harishstoragedemo1"
        },
        "storageAccountKey": {
            "value": "d2GO8FnODUg4+wKJV4rvM05qPllDUGVQauxohAqUZ4YxY/kxk2i2H3DzD57hRGLiVuZ5PTW2W8DMV6xSXCUHaQ=="
        },
        "SfUserName": {
            "value": "changeme"
        },
		"SfPassword": {
            "value": "changeme"
        },
		"SfSecurityToken": {
            "value": "changeme"
        },
		"SfTable": {
            "value": "Product2"
        }
   }
}