{
  "$schema": "https://schema.management.azure.com/schemas/2015-01-01/deploymentParameters.json#",
  "contentVersion": "1.0.0.0",
  "parameters": {
    "dataFactoryName": {
      "value": "GEN-UNIQUE"
    },
    "dataFactoryLocation": {
      "value": "East US"
    },
    "azureSsisIrName": {
      "value": "GEN-UNIQUE"
    },
    "virtualNetworkName": {
      "value": "GET-PREREQ-virtual-network-name"
    },
    "subNetName": {
      "value": "GEN-UNIQUE"
    },
    "nodeSize": {
      "value": "Standard_D3_v2"
    },
    "nodeNumber": {
      "value": 1
    },
    "maximumParallelExecutionsPerNode": {
      "value": 1
    },
    "azureSqlServerName": {
      "value": "GET-PREREQ-azure-sql-server-name"
    },
    "databaseAdminUsername": {
      "value": "GET-PREREQ-sql-admin-user"
    },
    "databaseAdminPassword": {
      "value": "GET-PREREQ-sql-admin-password"
    },
    "catalogPricingTier": {
      "value": "Basic"
    }
  }
}