{
  "contentVersion": "1.0.0.0",
  "$schema": "http://schema.management.azure.com/schemas/2015-01-01/deploymentTemplate.json#",
  "parameters": {
    "dataFactoryName": {
      "type": "string",
      "metadata": {
        "description": "Name of the data factory. Must be globally unique."
      }
    },
    "dataFactoryLocation": {
      "type": "string",
      "allowedValues": [
        "East US",
        "East US 2",
        "West Europe"
      ],
      "metadata": {
        "description": "Location of the data factory."
      }
    },
    "azureSsisIrName": {
      "type": "string",
      "metadata": {
        "description": "Name of the Azure SSIS integration runtime"
      }
    },
    "virtualNetworkName": {
      "type": "string",
      "metadata": {
        "description": "Name of your Azure virtual network."
      }
    },
    "subNetName": {
      "type": "string",
      "metadata": {
        "description": "Name of the subnet in the virtual network."
      }
    },
    "nodeSize": {
      "type": "string",
      "allowedValues": [
        "Standard_A4_v2",
        "Standard_A8_v2",
        "Standard_D1_v2",
        "Standard_D2_v2",
        "Standard_D3_v2",
        "Standard_D4_v2"
      ],
      "metadata": {
        "description": "Location of the data factory."
      }
    },
    "nodeNumber": {
      "type": "int",
      "metadata": {
        "description": "Number of nodes in the cluster."
      }
    },
    "maximumParallelExecutionsPerNode": {
      "type": "int",
      "metadata": {
        "description": "Maximim number of parallel executions per node in the cluster."
      }
    },
    "azureSqlServerName": {
      "type": "string",
      "metadata": {
        "description": "Name of the Azure SQL server that hosts the SSISDB database (SSIS Catalog). Example: servername.database.windows.net"
      }
    },
    "databaseAdminUsername": {
      "type": "string",
      "metadata": {
        "description": "Name of the Azure SQL database user."
      }
    },
    "databaseAdminPassword": {
      "type": "securestring",
      "metadata": {
        "description": "Password for the database user."
      }
    },
    "catalogPricingTier": {
      "type": "string",
      "metadata": {
        "description": "Pricing tier of the SSIS Catalog (SSISDB datbase)"
      }
    }
  },
  "variables": {},
  "resources": [
    {
      "name": "[parameters('dataFactoryName')]",
      "apiVersion": "2017-09-01-preview",
      "type": "Microsoft.DataFactory/factories",
      "location": "[parameters('dataFactoryLocation')]",
      "properties": {},
      "resources": [
        {
          "name": "[concat(parameters('dataFactoryName'), '/SPAzureSsisIR')]",
          "type": "Microsoft.DataFactory/factories/integrationRuntimes",
          "dependsOn": [
            "[parameters('dataFactoryName')]"
          ],
          "apiVersion": "2017-09-01-preview",
          "properties": {
            "type": "Managed",
            "typeProperties": {
              "computeProperties": {
                "location": "[parameters('dataFactoryLocation')]",
                "nodeSize": "[parameters('nodeSize')]",
                "numberOfNodes": "[parameters('nodeNumber')]",
                "maxParallelExecutionsPerNode": "[parameters('maximumParallelExecutionsPerNode')]",
                "vNetProperties": {
                  "vNetId": "[resourceId('Microsoft.Network/virtualNetworks', parameters('virtualNetworkName'))]",
                  "subnet": "[parameters('subNetName')]"
                }
              },
              "ssisProperties": {
                "catalogInfo": {
                  "catalogServerEndpoint": "[parameters('azureSqlServerName')]",
                  "catalogAdminUserName": "[parameters('databaseAdminUserName')]",
                  "catalogAdminPassword": {
                    "type": "SecureString",
                    "value": "[parameters('databaseAdminPassword')]"
                  },
                  "catalogPricingTier": "[parameters('catalogPricingTier')]"
                }
              }
            }
          }
        }
      ]
    }
  ]
}
