{
  "$schema": "https://schema.management.azure.com/schemas/2015-01-01/deploymentParameters.json#",
  "contentVersion": "1.0.0.0",
  "parameters": {
    "dataFactoryName": {
      "value": "GEN-UNIQUE"
    },    
    "dataFactoryLocation": {
      "value": "East US"
    },
    "storageAccountName": {
      "value": "GET-PREREQ-storageAccountName"
    },
    "storageAccountKey": {
      "value": "GET-PREREQ-storageAccountKey"
    },
    "blobContainer": {
      "value": "adftutorial"
    },
    "inputBlobFolder": {
      "value": "input"
    },
    "inputBlobName": {
      "value": "emp.txt"
    },
    "outputBlobFolder": {
      "value": "output"
    },
    "outputBlobName": {
      "value": "emp.txt"
    }
  }
}