{
  "$schema": "https://schema.management.azure.com/schemas/2015-01-01/deploymentParameters.json#",
  "contentVersion": "1.0.0.0",
  "parameters": {
    "dataFactoryName": {
      "value": "GEN-UNIQUE"
    },    
    "dataFactoryLocation": {
      "value": "East US"
    },
    "azureStorageConnectionString": {
      "value": "GET-PREREQ-AzureStorage_connectionString"
    },
    "servicePrincipalId": {
      "value": "<ID of the service principal>"
    },
    "servicePrincipalKey": {
      "value": "<Access key of the service principal>"
    }    
  }
}