{
  "$schema": "https://schema.management.azure.com/schemas/2015-01-01/deploymentTemplate.json#",
  "contentVersion": "1.0.0.0",
  "parameters": {
    "databaseAdminUsername": {
      "type": "string",
      "metadata": {
        "description": "Username for DB Admin"
      }
    },
    "databaseAdminPassword": {
      "type": "securestring",
      "metadata": {
        "description": "Password for DB Admin"
      }
    },
    "location": {
      "type": "string",
      "defaultValue": "[resourceGroup().location]",
      "metadata": {
        "description": "Location for all resources."
      }
    }
  },
  "variables": {
    "storageAccountName": "[concat(uniqueString(resourceGroup().id),'storage')]",
    "serverName": "[concat('server', uniqueString(resourceGroup().id))]",
    "databaseName": "DB",
    "databaseCollation": "SQL_Latin1_General_CP1_CI_AS",
    "databaseEdition": "Basic",
    "databaseRequestedServiceObjectiveName": "Basic"
  },
  "resources": [
    {
      "type": "Microsoft.Storage/storageAccounts",
      "name": "[variables('storageAccountName')]",
      "apiVersion": "2016-01-01",
      "location": "[parameters('location')]",
      "comments": "Storage account ",
      "tags": {
        "displayName": "Storage Account"
      },
      "sku": {
        "name": "Standard_LRS"
      },
      "kind": "Storage",
      "properties": {}
    },
    {
      "name": "[variables('serverName')]",
      "type": "Microsoft.Sql/servers",
      "location": "[parameters('location')]",
      "apiVersion": "2014-04-01-preview",
      "dependsOn": [],
      "tags": {
        "displayName": "server"
      },
      "properties": {
        "administratorLogin": "[parameters('databaseAdminUsername')]",
        "administratorLoginPassword": "[parameters('databaseAdminPassword')]"
      },
      "resources": [
        {
          "name": "AllowAllWindowsAzureIps",
          "type": "firewallrules",
          "location": "East US",
          "apiVersion": "2014-04-01-preview",
          "dependsOn": [
            "[resourceId('Microsoft.Sql/servers', variables('serverName'))]"
          ],
          "properties": {
            "startIpAddress": "0.0.0.0",
            "endIpAddress": "0.0.0.0"
          }
        },
        {
          "name": "[variables('databaseName')]",
          "type": "databases",
          "location": "[parameters('location')]",
          "apiVersion": "2014-04-01-preview",
          "dependsOn": [
            "[resourceId('Microsoft.Sql/servers', variables('serverName'))]"
          ],
          "tags": {
            "displayName": "database"
          },
          "properties": {
            "collation": "[variables('databaseCollation')]",
            "edition": "[variables('databaseEdition')]",
            "maxSizeBytes": "1073741824",
            "requestedServiceObjectiveName": "[variables('databaseRequestedServiceObjectiveName')]"
          }
        }
      ]
    }
  ],
  "outputs": {
    "AzureStorage_connectionString": {
      "type": "securestring",
      "value": "[concat('DefaultEndpointsProtocol=https;AccountName=',variables('storageAccountName'),';AccountKey=',listKeys(resourceId('Microsoft.Storage/storageAccounts', variables('storageAccountName')), '2016-01-01').keys[0].value)]"
    },
    "AzureSqlDatabase_connectionString": {
      "type": "securestring",
      "value": "[concat('Server=tcp:', variables('serverName'),'.database.windows.net,1433;Initial Catalog=',variables('databaseName'), ';Persist Security Info=False;User ID=', parameters('databaseAdminUsername'), ';Password=', parameters('databaseAdminPassword'), ';Encrypt=True;TrustServerCertificate=False;Connection Timeout=30;')]"
    }
  }
}
