{
  "$schema": "https://schema.management.azure.com/schemas/2015-01-01/deploymentParameters.json#",
  "contentVersion": "1.0.0.0",
  "parameters": {
    "storageAccountName": {
      "value": "yourstorageaccountname"
    },
    "storageAccountKey": {
      "value": "yourstorageaccountkey"
    },
    "sourceBlobContainer": {
      "value": "adftutorial"
    },
    "sourceBlobName": {
      "value": "emp.txt"
    },
    "sqlServerName": {
      "value": "yourazuresqlserver"
    },
    "sqlDatabaseName": {
      "value": "yourazuresqldb"
    },
    "sqlUserID": {
      "value": "yourazuresqluser"
    },
    "sqlPassword": {
      "value": "yourazuresqlpassword"
    },
    "sqlTargetTable": {
      "value": "emp"
    },
    "sqlWriterTableType": {
      "value": "empType"
    },
    "sqlWriterStoredProcedureName": {
      "value": "spWriteEmployee"
    }
  }
}