{
    "$schema": "https://schema.management.azure.com/schemas/2015-01-01/deploymentTemplate.json#",
    "contentVersion": "1.0.0.0",
    "parameters": {
    },
  "variables": {
    "storageAccountName": "[concat(uniqueString(resourceGroup().id),'storage')]"
  },
  "resources": [
    {
      "type": "Microsoft.Storage/storageAccounts",
      "name": "[variables('storageAccountName')]",
      "apiVersion": "2016-01-01",
      "location": "East US",
      "comments": "Storage account ",
      "tags": {
        "displayName": "Storage Account"
      },
      "sku": {
        "name": "Standard_LRS"
      },
      "kind": "Storage",
      "properties": {

      }
    }
  ],
  "outputs": {
    "storageAccountName": {
      "type": "string",
      "value": "[variables('storageAccountName')]"
    },
    "storageAccountKey": {
      "type": "string",
      "value": "[listKeys(resourceId('Microsoft.Storage/storageAccounts', variables('storageAccountName')), '2016-01-01').keys[0].value]"
    }
  }
}
