{
  "$schema": "https://schema.management.azure.com/schemas/2015-01-01/deploymentParameters.json#",
  "contentVersion": "1.0.0.0",
  "parameters": {
    "storageAccountName": {
      "value": "nameofyourstorageaccount"
    },
    "storageAccountKey": {
      "value": "keyofyourstorageaccount"
    },
    "sourceBlobContainer": {
      "value": "adftutorial"
    },
    "sourceBlobName": {
      "value": "emp.txt"
    },
    "sqlServerName": {
      "value": "sptempsqlserver"
    },
    "databaseName": {
      "value": "sptempsqldb"
    },
    "sqlServerUserName": {
      "value": "sqluser"
    },
    "sqlServerPassword": {
      "value": "pass@word1"
    },
    "targetSQLTable": {
      "value": "emp"
    }
  }
}