  {
    "contentVersion": "1.0.0.0",
    "$schema": "http://schema.management.azure.com/schemas/2015-01-01/deploymentTemplate.json#",
    "parameters": {
      "storageAccountName": {
        "type": "string",
        "metadata": {
          "description": "Name of the Azure storage account that contains the data to be copied."
        }
      },
      "storageAccountKey": {
        "type": "securestring",
        "metadata": {
          "description": "Key for the Azure storage account."
        }
      },
      "sourceBlobContainer": {
        "type": "string",
        "metadata": {
          "description": "Name of the blob container in the Azure Storage account."
        }
      },
      "sourceBlobName": {
        "type": "string",
        "metadata": {
          "description": "Name of the blob in the container that has the data to be copied to Azure SQL Database table"
        }
      },
      "sqlServerName": {
        "type": "string",
        "metadata": {
          "description": "Name of the Azure SQL Server that will hold the output/copied data."
        }
      },
      "databaseName": {
        "type": "string",
        "metadata": {
          "description": "Name of the Azure SQL Database in the Azure SQL server."
        }
      },
      "sqlServerUserName": {
        "type": "string",
        "metadata": {
          "description": "Name of the user that has access to the Azure SQL server."
        }
      },
      "sqlServerPassword": {
        "type": "securestring",
        "metadata": {
          "description": "Password for the user."
        }
      },
      "targetSQLTable": {
        "type": "string",
        "metadata": {
          "description": "Table in the Azure SQL Database that will hold the copied data."
        }
      }
    },
    "variables": {
      "dataFactoryName": "[concat('AzureBlobToAzureSQLDatabaseDF', uniqueString(resourceGroup().id))]",
      "azureSqlLinkedServiceName": "AzureSqlLinkedService",
      "azureStorageLinkedServiceName": "AzureStorageLinkedService",
      "blobInputDatasetName": "BlobInputDataset",
      "sqlOutputDatasetName": "SQLOutputDataset",
      "pipelineName": "Blob2SQLPipeline"
    },
    "resources": [
      {
        "name": "[variables('dataFactoryName')]",
        "apiVersion": "2015-10-01",
        "type": "Microsoft.DataFactory/datafactories",
        "location": "West US",
        "resources": [
          {
            "type": "linkedservices",
            "name": "[variables('azureStorageLinkedServiceName')]",
            "dependsOn": [
              "[variables('dataFactoryName')]"
            ],
            "apiVersion": "2015-10-01",
            "properties": {
              "type": "AzureStorage",
              "description": "Azure Storage linked service",
              "typeProperties": {
                "connectionString": "[concat('DefaultEndpointsProtocol=https;AccountName=',parameters('storageAccountName'),';AccountKey=',parameters('storageAccountKey'))]"
              }
            }
          },
          {
            "type": "linkedservices",
            "name": "[variables('azureSqlLinkedServiceName')]",
            "dependsOn": [
              "[variables('dataFactoryName')]"
            ],
            "apiVersion": "2015-10-01",
            "properties": {
              "type": "AzureSqlDatabase",
              "description": "Azure SQL linked service",
              "typeProperties": {
                "connectionString": "[concat('Server=tcp:',parameters('sqlServerName'),'.database.windows.net,1433;Database=', parameters('databaseName'), ';User ID=',parameters('sqlServerUserName'),';Password=',parameters('sqlServerPassword'),';Trusted_Connection=False;Encrypt=True;Connection Timeout=30')]"
              }
            }
          },
          {
            "type": "datasets",
            "name": "[variables('blobInputDatasetName')]",
            "dependsOn": [
              "[variables('dataFactoryName')]",
              "[variables('azureStorageLinkedServiceName')]"
            ],
            "apiVersion": "2015-10-01",
            "properties": {
              "type": "AzureBlob",
              "linkedServiceName": "[variables('azureStorageLinkedServiceName')]",
              "structure": [
                {
                  "name": "Column0",
                  "type": "String"
                },
                {
                  "name": "Column1",
                  "type": "String"
                }
              ],
              "typeProperties": {
                "folderPath": "[concat(parameters('sourceBlobContainer'), '/')]",
                "fileName": "[parameters('sourceBlobName')]",
                "format": {
                  "type": "TextFormat",
                  "columnDelimiter": ","
                }
              },
              "availability": {
                "frequency": "Day",
                "interval": 1
              },
              "external": true
            }
          },
          {
            "type": "datasets",
            "name": "[variables('sqlOutputDatasetName')]",
            "dependsOn": [
              "[variables('dataFactoryName')]",
              "[variables('azureSqlLinkedServiceName')]"
            ],
            "apiVersion": "2015-10-01",
            "properties": {
              "type": "AzureSqlTable",
              "linkedServiceName": "[variables('azureSqlLinkedServiceName')]",
              "structure": [
                {
                  "name": "FirstName",
                  "type": "String"
                },
                {
                  "name": "LastName",
                  "type": "String"
                }
              ],
              "typeProperties": {
                "tableName": "[parameters('targetSQLTable')]"
              },
              "availability": {
                "frequency": "Day",
                "interval": 1
              }
            }
          },
          {
            "type": "datapipelines",
            "name": "[variables('pipelineName')]",
            "dependsOn": [
              "[variables('dataFactoryName')]",
              "[variables('azureStorageLinkedServiceName')]",
              "[variables('azureSqlLinkedServiceName')]",
              "[variables('blobInputDatasetName')]",
              "[variables('sqlOutputDatasetName')]"
            ],
            "apiVersion": "2015-10-01",
            "properties": {
              "activities": [
                {
                  "name": "CopyFromAzureBlobToAzureSQL",
                  "description": "Copy data frm Azure blob to Azure SQL",
                  "type": "Copy",
                  "inputs": [
                    {
                      "name": "[variables('blobInputDatasetName')]"
                    }
                  ],
                  "outputs": [
                    {
                      "name": "[variables('sqlOutputDatasetName')]"
                    }
                  ],
                  "typeProperties": {
                    "source": {
                      "type": "BlobSource"
                    },
                    "sink": {
                      "type": "SqlSink",
                      "sqlWriterCleanupScript": "$$Text.Format('DELETE FROM {0}', 'emp')"
                    },
                    "translator": {
                      "type": "TabularTranslator",
                      "columnMappings": "Column0:FirstName,Column1:LastName"
                    }
                  },
                  "Policy": {
                    "concurrency": 1,
                    "executionPriorityOrder": "NewestFirst",
                    "retry": 3,
                    "timeout": "01:00:00"
                  }
                }
              ],
              "start": "2016-10-03T00:00:00Z",
              "end": "2016-10-04T00:00:00Z"
            }
          }
        ]
      }
    ]
  }