{
  "$schema": "https://schema.management.azure.com/schemas/2015-01-01/deploymentParameters.json#",
  "contentVersion": "1.0.0.0",
  "parameters": {
    "storageAccountResourceGroupName": {
      "value": "ADFTutorialResourceGroup"
    },   
    "storageAccountName": {
      "value": "changemeazurestorage"
    },
    "storageAccountKey": {
      "value": "YA1gKAMY34PeVgEWPF8FdbQO+U0nFkd3SaFE4d32K16AYL/DowrTYun8anOdAiCnMkCiRYm+PxUh5mw7a7lVcA=="
    },
    "blobContainer": {
      "value": "adfgetstarted"
    },
    "inputBlobFolder": {
      "value": "inputdata"
    },
    "inputBlobName": {
      "value": "input.log"
    },
    "outputBlobFolder": {
      "value": "partitioneddata"
    },
    "hiveScriptFolder": {
      "value": "script"
    },
    "hiveScriptFile": {
      "value": "partitionweblogs.hql"
    }
  }
}