{
  "$schema": "https://aka.ms/azure-quickstart-templates-metadata-schema#",
  "type": "QuickStart",
  "itemDisplayName": "Create a Data Factory Pipeline with Hive Activity",
  "description": "This template creates a data factory pipeline with a HDInsight Hive activity.",
  "summary": "Create a data factory with one pipeline. Pipeline has a HDInsight Hive activity that runs hive script on an Azure HDInsight cluster to transform data.",
  "githubUsername": "spelluru",
  "dateUpdated": "2016-10-11"
}


