{
    "$schema": "https://schema.management.azure.com/schemas/2015-01-01/deploymentParameters.json#",
    "contentVersion": "1.0.0.0",
    "parameters": {
      "dataLakeStoreUri": {
        "value": "https://%yourdatalakestore%.azuredatalakestore.net/webhdfs/v1",
        "metadata": {
          "description": "URI for your pre-created data lake store."
          }
      },
      "dataLakeStoreServicePrincipalID": {
        "value": "%YourDataLakeStoreSPID%",
        "metadata": {
          "description": "Service Principal ID from your pre-created Azure AD application record"
          }
      },
      "dataLakeStoreServicePrincipalKey": {
        "value": "%YourDataLakeStoreSPKey%",
        "metadata": {
          "description": "Key from your pre-created Azure AD application record"
          }
      },
      "azureSQLConnectionString": {
        "value": "%YourAzureSQLConnectionString%",
        "metadata": {
          "description": "Connection string for your Azure SQL server DB. This must be a valid string as a connection is tested during deployment."
          }
      }
    }
  }