{
  "$schema": "https://schema.management.azure.com/schemas/2015-01-01/deploymentParameters.json#",
  "contentVersion": "1.0.0.0",
  "parameters": {
    "dataFactoryName": {
      "value": "GEN-UNIQUE"
    },    
    "dataFactoryLocation": {
      "value": "East US"
    },
    "onPremSqlServerConnectionString": {
      "value": "GEN-UNIQUE"
    },
    "sqlTableName": {
      "value": "[dbo].[emp]"
    },
    "azureStorageConnectionString": {
      "value": "GET-PREREQ-AzureStorage_connectionString"
    },
    "blobContainer": {
      "value": "adftutorial"
    },
    "outputBlobFolder": {
      "value": "fromonpremsql"
    }
  }
}