{
  "$schema": "https://aka.ms/azure-quickstart-templates-metadata-schema#",
  "type": "QuickStart",
  "itemDisplayName": "Create a V2 data factory",
  "description": "This template creates a V2 data factory that copies data from an on-premises SQL Server to an Azure blob storage",
  "summary": "The template creates a data factory, linked services for on-premises SQL server and Azure blob storage, datasets to represent input and output data, and then the pipeline that copies the data.",
  "githubUsername": "spelluru",
  "dateUpdated": "2018-02-15"
}


